{"cameraMode":{"drawMode":0,"name":"Shaded","section":"Shading Mode"},"sceneLighting":false,"audioPlay":false,"sceneViewState":{"showFog":true,"showMaterialUpdate":false,"showSkybox":false,"showFlares":true,"showImageEffects":true,"showParticleSystems":true},"in2DMode":false,"pivot":{"x":1.5700000524520875,"y":0.550000011920929,"z":0.23999999463558198},"rotation":{"x":-0.0360226035118103,"y":0.9631926417350769,"z":-0.20712029933929444,"w":-0.1675199717283249},"size":0.34641018509864809,"orthographic":false}