{"cameraMode":{"drawMode":0,"name":"Shaded","section":"Shading Mode"},"sceneLighting":false,"audioPlay":false,"sceneViewState":{"showFog":true,"showMaterialUpdate":false,"showSkybox":false,"showFlares":true,"showImageEffects":true,"showParticleSystems":true},"in2DMode":false,"pivot":{"x":0.4494301974773407,"y":0.2464178204536438,"z":0.8515306711196899},"rotation":{"x":0.06680130213499069,"y":-0.6663194298744202,"z":0.06013119965791702,"w":0.7402319312095642},"size":2.2485430240631105,"orthographic":true}